"avg","type"
237.926959619952,"total"
174.106542056075,"republican"
169.036697247706,"democratic"
