"avg","type"
171.571619651891,"after 1960"
264.702127659574,"previous"
