"party","meanScore"
"demo",14.356869285868
"repu",20.5923027372205
